date,UPS.Adjusted
2017-01-03,115.519996643066
2017-01-04,115.300003051758
2017-01-05,115
2017-01-06,115
2017-01-09,115
2017-01-10,114.629997253418
2017-01-11,113.639999389648
2017-01-12,114.209999084473
2017-01-13,114.199996948242
2017-01-17,113.690002441406
2017-01-18,114.370002746582
2017-01-19,114.970001220703
2017-01-20,114.440002441406
2017-01-23,114.98999786377
2017-01-24,114.599998474121
2017-01-25,116.230003356934
2017-01-26,116.970001220703
2017-01-27,117
2017-01-30,117.910003662109
2017-01-31,111.809997558594
2017-02-01,107.790000915527
2017-02-02,105.290000915527
2017-02-03,105.699996948242
2017-02-06,106.620002746582
2017-02-07,106.379997253418
2017-02-08,105.809997558594
2017-02-09,106.160003662109
2017-02-10,106.5
2017-02-13,107.660003662109
2017-02-14,108.680000305176
2017-02-15,108.870002746582
2017-02-16,108.099998474121
2017-02-17,106.959999084473
2017-02-21,106.900001525879
2017-02-22,105.440002441406
2017-02-23,106
2017-02-24,104.860000610352
2017-02-27,106.139999389648
2017-02-28,106.680000305176
2017-03-01,106.970001220703
2017-03-02,106.98999786377
2017-03-03,106.129997253418
2017-03-06,105.519996643066
2017-03-07,106
2017-03-08,105.639999389648
2017-03-09,106.129997253418
2017-03-10,106.269996643066
2017-03-13,106.529998779297
2017-03-14,107.190002441406
2017-03-15,107.290000915527
2017-03-16,107.800003051758
2017-03-17,107.910003662109
2017-03-20,108.050003051758
2017-03-21,107.51000213623
2017-03-22,106.959999084473
2017-03-23,106.529998779297
2017-03-24,105.690002441406
2017-03-27,104.480003356934
2017-03-28,104.720001220703
2017-03-29,105.650001525879
2017-03-30,105.809997558594
2017-03-31,106.480003356934
2017-04-03,107.660003662109
2017-04-04,106.300003051758
2017-04-05,106.940002441406
2017-04-06,106.769996643066
2017-04-07,106.309997558594
2017-04-10,105.449996948242
2017-04-11,106.150001525879
2017-04-12,105.059997558594
2017-04-13,104.180000305176
2017-04-17,104.059997558594
2017-04-18,104.519996643066
2017-04-19,104.580001831055
2017-04-20,104.75
2017-04-21,105.709999084473
2017-04-24,106.75
2017-04-25,107.089996337891
2017-04-26,107.230003356934
2017-04-27,107.800003051758
2017-04-28,109
2017-05-01,107.419998168945
2017-05-02,106.610000610352
2017-05-03,106.889999389648
2017-05-04,107.410003662109
2017-05-05,107.319999694824
2017-05-08,107.360000610352
2017-05-09,107.559997558594
2017-05-10,106.069999694824
2017-05-11,104.129997253418
2017-05-12,103.800003051758
2017-05-15,104.550003051758
2017-05-16,105.290000915527
2017-05-17,104.5
2017-05-18,102.940002441406
2017-05-19,103.23999786377
2017-05-22,103.349998474121
2017-05-23,103.669998168945
2017-05-24,103.819999694824
2017-05-25,105.180000305176
2017-05-26,105.809997558594
2017-05-30,105.51000213623
2017-05-31,107.099998474121
2017-06-01,106.48999786377
2017-06-02,107.73999786377
2017-06-05,107.48999786377
2017-06-06,107.830001831055
2017-06-07,107.410003662109
2017-06-08,106.680000305176
2017-06-09,106.51000213623
2017-06-12,107.029998779297
2017-06-13,109.059997558594
2017-06-14,109.930000305176
2017-06-15,108.819999694824
2017-06-16,110.559997558594
2017-06-19,110.790000915527
2017-06-20,110.849998474121
2017-06-21,109.819999694824
2017-06-22,108.76000213623
2017-06-23,109.220001220703
2017-06-26,110.660003662109
2017-06-27,110.720001220703
2017-06-28,110.389999389648
2017-06-29,109.720001220703
2017-06-30,110.209999084473
2017-07-03,110.900001525879
2017-07-05,110.569999694824
2017-07-06,110.110000610352
2017-07-07,109.440002441406
2017-07-10,110.089996337891
2017-07-11,110.25
2017-07-12,110.629997253418
2017-07-13,110.419998168945
2017-07-14,111.029998779297
2017-07-17,111.879997253418
2017-07-18,111.959999084473
2017-07-19,111.720001220703
2017-07-20,113.209999084473
2017-07-21,112.349998474121
2017-07-24,112.480003356934
2017-07-25,112.830001831055
2017-07-26,113.540000915527
2017-07-27,111
2017-07-28,108.379997253418
2017-07-31,110.040000915527
2017-08-01,110.800003051758
2017-08-02,109.870002746582
2017-08-03,110.970001220703
2017-08-04,111.620002746582
2017-08-07,112
2017-08-08,113
2017-08-09,111.970001220703
2017-08-10,111.540000915527
2017-08-11,111.48999786377
2017-08-14,112.180000305176
2017-08-15,113.680000305176
2017-08-16,114.269996643066
2017-08-17,114.599998474121
2017-08-18,112.930000305176
2017-08-21,113.339996337891
2017-08-22,114
2017-08-23,114.120002746582
2017-08-24,113.839996337891
2017-08-25,113.73999786377
2017-08-28,113.790000915527
2017-08-29,113.550003051758
2017-08-30,114.879997253418
2017-08-31,115.470001220703
2017-09-01,114.720001220703
2017-09-05,114.110000610352
2017-09-06,114.25
2017-09-07,113.879997253418
2017-09-08,114.610000610352
2017-09-11,115.5
2017-09-12,116.230003356934
2017-09-13,116.839996337891
2017-09-14,116.699996948242
2017-09-15,117.360000610352
2017-09-18,117.930000305176
2017-09-19,117.589996337891
2017-09-20,116.959999084473
2017-09-21,117.830001831055
2017-09-22,117.389999389648
2017-09-25,118.069999694824
2017-09-26,118.019996643066
2017-09-27,118.690002441406
2017-09-28,118.559997558594
2017-09-29,119.559997558594
2017-10-02,120
2017-10-03,120.330001831055
2017-10-04,119.51000213623
2017-10-05,116.779998779297
2017-10-06,117.98999786377
2017-10-09,118.139999389648
2017-10-10,117.629997253418
2017-10-11,118.120002746582
2017-10-12,118.800003051758
2017-10-13,120.040000915527
2017-10-16,118.610000610352
2017-10-17,118
2017-10-18,117.410003662109
2017-10-19,117.680000305176
2017-10-20,119.589996337891
2017-10-23,120.23999786377
2017-10-24,120.180000305176
2017-10-25,119.580001831055
2017-10-26,118.290000915527
2017-10-27,119.309997558594
2017-10-30,120.519996643066
2017-10-31,118.5
2017-11-01,117.940002441406
2017-11-02,117.620002746582
2017-11-03,116.870002746582
2017-11-06,115.580001831055
2017-11-07,113.830001831055
2017-11-08,113.660003662109
2017-11-09,112.830001831055
2017-11-10,111.569999694824
2017-11-13,114.069999694824
2017-11-14,114.300003051758
2017-11-15,113.75
2017-11-16,113.690002441406
2017-11-17,113.330001831055
2017-11-20,113.180000305176
2017-11-21,113.050003051758
2017-11-22,113.930000305176
2017-11-24,114
2017-11-27,113.419998168945
2017-11-28,115.110000610352
2017-11-29,118.339996337891
2017-11-30,119.040000915527
2017-12-01,121.889999389648
2017-12-04,122.099998474121
2017-12-05,123.830001831055
2017-12-06,118.440002441406
2017-12-07,118.360000610352
2017-12-08,120.059997558594
2017-12-11,118.080001831055
2017-12-12,117.910003662109
2017-12-13,118.480003356934
2017-12-14,118.339996337891
2017-12-15,117.449996948242
2017-12-18,118.779998779297
2017-12-19,119.160003662109
2017-12-20,120.680000305176
2017-12-21,118.849998474121
2017-12-22,119
2017-12-26,118.940002441406
2017-12-27,118.199996948242
2017-12-28,119.48999786377
2017-12-29,119.050003051758
2018-01-02,120.040000915527
2018-01-03,124.150001525879
2018-01-04,127.01000213623
2018-01-05,127.819999694824
2018-01-08,128.110000610352
2018-01-09,129.229995727539
2018-01-10,128.520004272461
2018-01-11,130.360000610352
2018-01-12,133.449996948242
2018-01-16,134.410003662109
2018-01-17,133.529998779297
2018-01-18,134.649993896484
2018-01-19,133.860000610352
2018-01-22,132.520004272461
2018-01-23,132.869995117188
2018-01-24,132.509994506836
2018-01-25,131.960006713867
2018-01-26,131.210006713867
2018-01-29,132.759994506836
2018-01-30,130.369995117188
2018-01-31,128.5
2018-02-01,119.220001220703
2018-02-02,118.98999786377
2018-02-05,115.889999389648
2018-02-06,112.620002746582
2018-02-07,112.389999389648
2018-02-08,111.76000213623
2018-02-09,108.099998474121
2018-02-12,107
2018-02-13,105.98999786377
2018-02-14,106.690002441406
2018-02-15,107.150001525879
2018-02-16,107.110000610352
2018-02-20,106.25
2018-02-21,104.73999786377
2018-02-22,105.349998474121
2018-02-23,104.400001525879
2018-02-26,106.699996948242
2018-02-27,108.23999786377
2018-02-28,106.400001525879
2018-03-01,104.959999084473
2018-03-02,105.76000213623
2018-03-05,105.339996337891
2018-03-06,107.48999786377
2018-03-07,109.019996643066
2018-03-08,109.410003662109
2018-03-09,109.529998779297
2018-03-12,110.220001220703
2018-03-13,109.699996948242
2018-03-14,110.029998779297
2018-03-15,109.040000915527
2018-03-16,109.569999694824
2018-03-19,110.300003051758
2018-03-20,108.639999389648
2018-03-21,108.190002441406
2018-03-22,106.730003356934
2018-03-23,104.889999389648
2018-03-26,103.059997558594
2018-03-27,103.769996643066
2018-03-28,102.319999694824
2018-03-29,103.23999786377
2018-04-02,104.330001831055
2018-04-03,104.410003662109
2018-04-04,103.809997558594
2018-04-05,106.610000610352
2018-04-06,106.480003356934
2018-04-09,105.559997558594
2018-04-10,105.559997558594
2018-04-11,105.23999786377
2018-04-12,106.589996337891
2018-04-13,107.480003356934
2018-04-16,108.300003051758
2018-04-17,109.540000915527
2018-04-18,109.870002746582
2018-04-19,110.699996948242
2018-04-20,109.910003662109
2018-04-23,108.699996948242
2018-04-24,109.150001525879
2018-04-25,107.980003356934
2018-04-26,108.050003051758
2018-04-27,113.069999694824
2018-04-30,114.180000305176
2018-05-01,113.550003051758
2018-05-02,112.080001831055
2018-05-03,110.779998779297
2018-05-04,109.190002441406
2018-05-07,111.790000915527
2018-05-08,112
2018-05-09,111.339996337891
2018-05-10,111.930000305176
2018-05-11,113.940002441406
2018-05-14,117.949996948242
2018-05-15,115.779998779297
2018-05-16,115.540000915527
2018-05-17,116.589996337891
2018-05-18,115.669998168945
2018-05-21,116
2018-05-22,117.01000213623
2018-05-23,114.849998474121
2018-05-24,115.379997253418
2018-05-25,115.48999786377
2018-05-29,114.870002746582
2018-05-30,114.120002746582
2018-05-31,116.459999084473
2018-06-01,116.690002441406
2018-06-04,117.610000610352
2018-06-05,116.800003051758
2018-06-06,117
2018-06-07,117.169998168945
2018-06-08,116.150001525879
2018-06-11,116.599998474121
2018-06-12,117.610000610352
2018-06-13,118.48999786377
2018-06-14,117.440002441406
2018-06-15,116.610000610352
2018-06-18,116.190002441406
2018-06-19,116
2018-06-20,114.75
2018-06-21,113.660003662109
2018-06-22,114.900001525879
2018-06-25,113.040000915527
2018-06-26,110.389999389648
2018-06-27,109.669998168945
2018-06-28,106.75
2018-06-29,106.300003051758
2018-07-02,105.870002746582
2018-07-03,106.26000213623
2018-07-05,105.98999786377
2018-07-06,106.480003356934
2018-07-09,106.300003051758
2018-07-10,108.699996948242
2018-07-11,107.699996948242
2018-07-12,108.080001831055
2018-07-13,108.370002746582
2018-07-16,111.129997253418
2018-07-17,110.660003662109
2018-07-18,110.959999084473
2018-07-19,111.889999389648
2018-07-20,112.019996643066
2018-07-23,112.470001220703
2018-07-24,113.339996337891
2018-07-25,112.25
2018-07-26,119.98999786377
2018-07-27,119.23999786377
2018-07-30,118.809997558594
2018-07-31,119.620002746582
2018-08-01,119.889999389648
2018-08-02,119
2018-08-03,118.620002746582
2018-08-06,118.849998474121
2018-08-07,119.519996643066
2018-08-08,120.01000213623
2018-08-09,120.230003356934
2018-08-10,120.519996643066
2018-08-13,119.220001220703
2018-08-14,118.26000213623
2018-08-15,118.480003356934
2018-08-16,120.480003356934
2018-08-17,120.449996948242
2018-08-20,121.800003051758
2018-08-21,122.5
2018-08-22,123.01000213623
2018-08-23,121.849998474121
2018-08-24,122.099998474121
2018-08-27,122.900001525879
2018-08-28,124.069999694824
2018-08-29,122.959999084473
2018-08-30,123.26000213623
2018-08-31,122.870002746582
2018-09-04,123.790000915527
2018-09-05,124
2018-09-06,124.559997558594
2018-09-07,123.389999389648
2018-09-10,123.690002441406
2018-09-11,123.849998474121
2018-09-12,122.910003662109
2018-09-13,123.089996337891
2018-09-14,120.300003051758
2018-09-17,120.580001831055
2018-09-18,118.699996948242
2018-09-19,118.300003051758
2018-09-20,118.930000305176
2018-09-21,119.410003662109
2018-09-24,118.300003051758
2018-09-25,117.639999389648
2018-09-26,116.26000213623
2018-09-27,116.5
2018-09-28,116.459999084473
2018-10-01,118.550003051758
2018-10-02,117.480003356934
2018-10-03,117.5
2018-10-04,117.480003356934
2018-10-05,117.459999084473
2018-10-08,117.110000610352
2018-10-09,118.26000213623
2018-10-10,117.339996337891
2018-10-11,117.330001831055
2018-10-12,115.550003051758
2018-10-15,115.370002746582
2018-10-16,116.5
2018-10-17,117.330001831055
2018-10-18,117.589996337891
2018-10-19,114.730003356934
2018-10-22,116.190002441406
2018-10-23,114.279998779297
2018-10-24,111.069999694824
2018-10-25,107.050003051758
2018-10-26,106.5
2018-10-29,106.559997558594
2018-10-30,105.449996948242
2018-10-31,108.25
2018-11-01,106.889999389648
2018-11-02,107.099998474121
2018-11-05,106.419998168945
2018-11-06,106.76000213623
2018-11-07,109.23999786377
2018-11-08,110.839996337891
2018-11-09,111.889999389648
2018-11-12,109.75
2018-11-13,108.069999694824
2018-11-14,110.459999084473
2018-11-15,108.970001220703
2018-11-16,109.440002441406
2018-11-19,110.110000610352
2018-11-20,110.290000915527
2018-11-21,109
2018-11-23,108.830001831055
2018-11-26,109.910003662109
2018-11-27,110.110000610352
2018-11-28,111.639999389648
2018-11-29,113.110000610352
2018-11-30,113.73999786377
2018-12-03,116.620002746582
2018-12-04,113.599998474121
2018-12-06,106.139999389648
2018-12-07,108.029998779297
2018-12-10,104.660003662109
2018-12-11,105.779998779297
2018-12-12,104.669998168945
2018-12-13,101.330001831055
2018-12-14,99.870002746582
2018-12-17,98.4000015258789
2018-12-18,97.879997253418
2018-12-19,93.7099990844727
2018-12-20,94.4800033569336
2018-12-21,93.5500030517578
2018-12-24,93.0299987792969
2018-12-26,90.8300018310547
2018-12-27,95.2399978637695
2018-12-28,98.1800003051758
2018-12-31,96.8600006103516
2019-01-02,96.120002746582
2019-01-03,96.4700012207031
2019-01-04,96.1900024414062
2019-01-07,97.4800033569336
2019-01-08,98.4599990844727
2019-01-09,97.5899963378906
2019-01-10,97.4000015258789
2019-01-11,98.2900009155273
2019-01-14,97.3300018310547
2019-01-15,99.1399993896484
2019-01-16,97.9000015258789
2019-01-17,96.9499969482422
2019-01-18,100.430000305176
2019-01-22,101.5
2019-01-23,103.040000915527
2019-01-24,100.360000610352
2019-01-25,100.699996948242
2019-01-28,99.870002746582
2019-01-29,100.370002746582
2019-01-30,101.889999389648
2019-01-31,105.5
2019-02-01,105.720001220703
2019-02-04,106
2019-02-05,106.809997558594
2019-02-06,107.449996948242
2019-02-07,108.349998474121
2019-02-08,107.389999389648
2019-02-11,108.209999084473
2019-02-12,109.559997558594
2019-02-13,111
2019-02-14,111.410003662109
2019-02-15,110.930000305176
2019-02-19,110.900001525879
2019-02-20,110.930000305176
2019-02-21,110.769996643066
2019-02-22,111.889999389648
2019-02-25,109.900001525879
2019-02-26,110.720001220703
2019-02-27,110.930000305176
2019-02-28,110.73999786377
2019-03-01,110.940002441406
2019-03-04,112.720001220703
2019-03-05,109.889999389648
2019-03-06,109.830001831055
2019-03-07,108.650001525879
2019-03-08,106.190002441406
2019-03-11,106.870002746582
2019-03-12,109.080001831055
2019-03-13,109.720001220703
2019-03-14,111.160003662109
2019-03-15,110.849998474121
2019-03-18,109.550003051758
2019-03-19,110.800003051758
2019-03-20,108.330001831055
2019-03-21,107.269996643066
2019-03-22,109.269996643066
2019-03-25,107.069999694824
2019-03-26,107.690002441406
2019-03-27,108.5
2019-03-28,109.309997558594
2019-03-29,111
2019-04-01,113.190002441406
2019-04-02,114.379997253418
2019-04-03,114.5
2019-04-04,114.300003051758
2019-04-05,114.160003662109
2019-04-08,113.730003356934
2019-04-09,113.069999694824
2019-04-10,113.169998168945
2019-04-11,113.199996948242
2019-04-12,113.940002441406
2019-04-15,114.720001220703
2019-04-16,113.690002441406
2019-04-17,114.419998168945
2019-04-18,114.529998779297
2019-04-22,113.580001831055
2019-04-23,113.339996337891
2019-04-24,113.599998474121
2019-04-25,109.589996337891
2019-04-26,104.910003662109
2019-04-29,104.01000213623
2019-04-30,104.680000305176
2019-05-01,106.059997558594
2019-05-02,104.620002746582
2019-05-03,106.139999389648
2019-05-06,104.550003051758
2019-05-07,103.879997253418
2019-05-08,102.23999786377
2019-05-09,101.080001831055
2019-05-10,100.209999084473
2019-05-13,98.620002746582
2019-05-14,99.6500015258789
2019-05-15,99.4100036621094
2019-05-16,101.599998474121
2019-05-17,99.5400009155273
2019-05-20,98.5999984741211
2019-05-21,99.3499984741211
2019-05-22,98.7200012207031
2019-05-23,96.9199981689453
2019-05-24,96.4100036621094
2019-05-28,95.879997253418
2019-05-29,93.9599990844727
2019-05-30,95.4000015258789
2019-05-31,94.379997253418
2019-06-03,92.8399963378906
2019-06-04,95.4800033569336
2019-06-05,98.3300018310547
2019-06-06,98.2200012207031
2019-06-07,98.6900024414062
2019-06-10,99.1500015258789
2019-06-11,100.98999786377
2019-06-12,99.5800018310547
2019-06-13,101
2019-06-14,101.849998474121
2019-06-17,101.650001525879
2019-06-18,101.889999389648
2019-06-19,102.26000213623
2019-06-20,102.75
2019-06-21,103.410003662109
2019-06-24,101.650001525879
2019-06-25,99.7200012207031
2019-06-26,97.6100006103516
2019-06-27,100.339996337891
2019-06-28,102.23999786377
2019-07-01,104.580001831055
2019-07-02,103.129997253418
2019-07-03,102.220001220703
2019-07-05,102.790000915527
2019-07-08,101.709999084473
2019-07-09,101.629997253418
2019-07-10,102.430000305176
2019-07-11,101.639999389648
2019-07-12,103.699996948242
2019-07-15,105.720001220703
2019-07-16,106.25
2019-07-17,105.080001831055
2019-07-18,101.910003662109
2019-07-19,103.209999084473
2019-07-22,103.910003662109
2019-07-23,104.480003356934
2019-07-24,110.069999694824
2019-07-25,115.300003051758
2019-07-26,117.480003356934
2019-07-29,119.379997253418
2019-07-30,117.680000305176
2019-07-31,119.650001525879
2019-08-01,118.870002746582
2019-08-02,116.650001525879
2019-08-05,115.480003356934
2019-08-06,115.610000610352
2019-08-07,113.639999389648
2019-08-08,116.540000915527
2019-08-09,117.25
2019-08-12,115.129997253418
2019-08-13,114.400001525879
2019-08-14,114.76000213623
2019-08-15,114.699996948242
2019-08-16,113.900001525879
2019-08-19,116.680000305176
2019-08-20,116.25
2019-08-21,116.319999694824
2019-08-22,116.339996337891
2019-08-23,114.330001831055
2019-08-26,113.040000915527
2019-08-27,114.669998168945
2019-08-28,113.870002746582
2019-08-29,117.809997558594
2019-08-30,119.589996337891
2019-09-03,117.660003662109
2019-09-04,118.569999694824
2019-09-05,120.120002746582
2019-09-06,121.519996643066
2019-09-09,121
2019-09-10,121.199996948242
2019-09-11,122.430000305176
2019-09-12,122.819999694824
2019-09-13,123.190002441406
2019-09-16,122.059997558594
2019-09-17,121.720001220703
2019-09-18,119.120002746582
2019-09-19,120.610000610352
2019-09-20,119.830001831055
2019-09-23,119.800003051758
2019-09-24,119.220001220703
2019-09-25,118.230003356934
2019-09-26,119
2019-09-27,119
2019-09-30,119.309997558594
2019-10-01,120.25
2019-10-02,114.889999389648
2019-10-03,115.400001525879
2019-10-04,116.139999389648
2019-10-07,116.699996948242
2019-10-08,114.410003662109
2019-10-09,114
2019-10-10,114.040000915527
2019-10-11,116.879997253418
2019-10-14,115.940002441406
2019-10-15,116.089996337891
2019-10-16,116.150001525879
2019-10-17,117.809997558594
2019-10-18,118.440002441406
2019-10-21,117.699996948242
2019-10-22,115.830001831055
2019-10-23,115.400001525879
2019-10-24,114.800003051758
2019-10-25,114
2019-10-28,116.080001831055
2019-10-29,116.639999389648
2019-10-30,116.870002746582
2019-10-31,116.040000915527
2019-11-01,116.459999084473
2019-11-04,120
2019-11-05,123.319999694824
2019-11-06,121.379997253418
2019-11-07,122.349998474121
2019-11-08,123.519996643066
2019-11-11,123.410003662109
2019-11-12,123
2019-11-13,122.620002746582
2019-11-14,122.73999786377
2019-11-15,123.540000915527
2019-11-18,123.529998779297
2019-11-19,123.459999084473
2019-11-20,120.199996948242
2019-11-21,118.790000915527
2019-11-22,119.959999084473
2019-11-25,119.839996337891
2019-11-26,120.370002746582
2019-11-27,121.440002441406
2019-11-29,120.019996643066
2019-12-02,120.089996337891
2019-12-03,116.830001831055
2019-12-04,117.220001220703
2019-12-05,116.080001831055
2019-12-06,116
2019-12-09,117
2019-12-10,118.129997253418
2019-12-11,118.540000915527
2019-12-12,115.180000305176
2019-12-13,118.029998779297
2019-12-16,119.120002746582
2019-12-17,120.029998779297
2019-12-18,118.540000915527
2019-12-19,118.360000610352
2019-12-20,119.889999389648
2019-12-23,118.230003356934
2019-12-24,117.430000305176
2019-12-26,119.089996337891
2019-12-27,119.449996948242
2019-12-30,119.220001220703
2019-12-31,116.040000915527
2020-01-02,117.680000305176
2020-01-03,114.970001220703
2020-01-06,115.449996948242
2020-01-07,115.860000610352
2020-01-08,115.379997253418
2020-01-09,117.029998779297
2020-01-10,117.069999694824
2020-01-13,116.120002746582
2020-01-14,116.75
2020-01-15,117.51000213623
2020-01-16,118.51000213623
2020-01-17,118.73999786377
2020-01-21,118.209999084473
2020-01-22,117.790000915527
2020-01-23,117.029998779297
2020-01-24,117.040000915527
2020-01-27,114.949996948242
2020-01-28,115.449996948242
2020-01-29,115.76000213623
2020-01-30,112.26000213623
2020-01-31,107.839996337891
2020-02-03,104.160003662109
2020-02-04,103.339996337891
2020-02-05,104.629997253418
2020-02-06,106.599998474121
2020-02-07,106.050003051758
2020-02-10,103.400001525879
2020-02-11,103.419998168945
2020-02-12,105.769996643066
2020-02-13,104.98999786377
2020-02-14,104.98999786377
2020-02-18,105.949996948242
2020-02-19,106.980003356934
2020-02-20,106.480003356934
2020-02-21,105.620002746582
2020-02-24,99.7600021362305
2020-02-25,99.0699996948242
2020-02-26,95.0800018310547
2020-02-27,91.5100021362305
2020-02-28,88.629997253418
2020-03-02,92.0500030517578
2020-03-03,94.8600006103516
2020-03-04,92.2900009155273
2020-03-05,92.7799987792969
2020-03-06,90.2699966430664
2020-03-09,88.4400024414062
2020-03-10,90.4800033569336
2020-03-11,89.8199996948242
2020-03-12,82.2200012207031
2020-03-13,91
2020-03-16,85.8600006103516
2020-03-17,89.0500030517578
2020-03-18,91
2020-03-19,98.6699981689453
2020-03-20,96.1500015258789
2020-03-23,94.1800003051758
2020-03-24,93.9300003051758
2020-03-25,95.629997253418
2020-03-26,94.5
2020-03-27,95.5999984741211
2020-03-30,98.129997253418
2020-03-31,96.9100036621094
2020-04-01,90.9100036621094
2020-04-02,89.7600021362305
2020-04-03,92.1699981689453
2020-04-06,93.2099990844727
2020-04-07,96.25
2020-04-08,97
2020-04-09,98.5800018310547
2020-04-13,98.5800018310547
2020-04-14,100.559997558594
2020-04-15,99.9400024414062
2020-04-16,100.180000305176
2020-04-17,102.160003662109
2020-04-20,101.73999786377
2020-04-21,100.360000610352
2020-04-22,101.5
2020-04-23,98.3600006103516
2020-04-24,100.190002441406
2020-04-27,101
2020-04-28,99.25
2020-04-29,96.0999984741211
2020-04-30,95.5999984741211
2020-05-01,93.2300033569336
2020-05-04,91.6100006103516
2020-05-05,91.5299987792969
2020-05-06,93.1399993896484
2020-05-07,93.9899978637695
2020-05-08,93.5400009155273
2020-05-11,94.2099990844727
2020-05-12,94.7600021362305
2020-05-13,92.5599975585938
2020-05-14,90
2020-05-15,90.8399963378906
2020-05-18,93.3300018310547
2020-05-19,95.9300003051758
2020-05-20,97.5
2020-05-21,96.7300033569336
2020-05-22,96.7900009155273
2020-05-26,98.1500015258789
2020-05-27,97.7799987792969
2020-05-28,100
2020-05-29,99.3300018310547
2020-06-01,99.4800033569336
2020-06-02,99.75
2020-06-03,102.599998474121
2020-06-04,103.300003051758
2020-06-05,104.980003356934
2020-06-08,106.669998168945
2020-06-09,109.080001831055
2020-06-10,107.889999389648
2020-06-11,103.470001220703
2020-06-12,102.910003662109
2020-06-15,99.9199981689453
2020-06-16,107.839996337891
2020-06-17,106.51000213623
2020-06-18,106.540000915527
2020-06-19,108.309997558594
2020-06-22,107.089996337891
2020-06-23,108.209999084473
2020-06-24,109.919998168945
2020-06-25,109.269996643066
2020-06-26,110.639999389648
2020-06-29,108.970001220703
2020-06-30,109.51000213623
2020-07-01,117.860000610352
2020-07-02,115.610000610352
2020-07-06,115.669998168945
2020-07-07,114.160003662109
2020-07-08,114.519996643066
2020-07-09,114.5
2020-07-10,114.699996948242
2020-07-13,115.620002746582
2020-07-14,113.569999694824
2020-07-15,116.720001220703
2020-07-16,118.800003051758
2020-07-17,120
2020-07-20,118.419998168945
2020-07-21,119
2020-07-22,118.75
2020-07-23,118.709999084473
2020-07-24,118.160003662109
2020-07-27,118.120002746582
2020-07-28,120.220001220703
2020-07-29,120.580001831055
2020-07-30,137.660003662109
2020-07-31,141.820007324219
2020-08-03,143.470001220703
2020-08-04,141.630004882812
2020-08-05,145.350006103516
2020-08-06,144.970001220703
2020-08-07,145.679992675781
2020-08-10,157.470001220703
2020-08-11,160.660003662109
2020-08-12,157.25
2020-08-13,156.770004272461
2020-08-14,158.729995727539
2020-08-17,161.110000610352
2020-08-18,160.389999389648
2020-08-19,160.550003051758
2020-08-20,159.160003662109
2020-08-21,158.759994506836
2020-08-24,159.720001220703
2020-08-25,161.559997558594
2020-08-26,159.009994506836
2020-08-27,159.740005493164
2020-08-28,160.520004272461
2020-08-31,161.729995727539
2020-09-01,163.130004882812
2020-09-02,163.25
2020-09-03,162.270004272461
2020-09-04,160.240005493164
2020-09-08,160.029998779297
2020-09-09,158.050003051758
2020-09-10,160.990005493164
2020-09-11,158.490005493164
2020-09-14,160.899993896484
2020-09-15,160.580001831055
2020-09-16,166.800003051758
2020-09-17,157.039993286133
2020-09-18,160.139999389648
2020-09-21,161.419998168945
2020-09-22,160.339996337891
2020-09-23,162.5
2020-09-24,161.119995117188
2020-09-25,159.270004272461
2020-09-28,169.910003662109
2020-09-29,168.809997558594
2020-09-30,169.289993286133
2020-10-01,169.039993286133
2020-10-02,166.660003662109
2020-10-05,168.160003662109
2020-10-06,169.279998779297
2020-10-07,170.610000610352
2020-10-08,175.550003051758
2020-10-09,174.509994506836
2020-10-12,174.860000610352
2020-10-13,175.5
2020-10-14,175.720001220703
2020-10-15,172.669998168945
2020-10-16,175.070007324219
2020-10-19,174.759994506836
2020-10-20,173.139999389648
2020-10-21,176.429992675781
2020-10-22,174.360000610352
2020-10-23,172.419998168945
2020-10-26,170.919998168945
2020-10-27,170.889999389648
2020-10-28,163.160003662109
2020-10-29,158.070007324219
2020-10-30,160.009994506836
2020-11-02,158.880004882812
2020-11-03,161.25
2020-11-04,163.729995727539
2020-11-05,165.600006103516
2020-11-06,164.080001831055
2020-11-09,164.100006103516
2020-11-10,163.729995727539
2020-11-11,166.369995117188
2020-11-12,165.339996337891
2020-11-13,164.199996948242
2020-11-16,163.160003662109
2020-11-17,168.630004882812
2020-11-18,168.949996948242
2020-11-19,168
2020-11-20,166.330001831055
2020-11-23,165.5
2020-11-24,167.960006713867
2020-11-25,172.110000610352
2020-11-27,170.960006713867
2020-11-30,169.570007324219
2020-12-01,173.509994506836
2020-12-02,167.919998168945
2020-12-03,169.119995117188
2020-12-04,168.070007324219
2020-12-07,168.130004882812
2020-12-08,167.550003051758
2020-12-09,167.539993286133
2020-12-10,167.050003051758
2020-12-11,165.5
2020-12-14,171.779998779297
2020-12-15,167.100006103516
2020-12-16,167.399993896484
2020-12-17,170.740005493164
2020-12-18,173.050003051758
2020-12-21,172.440002441406
2020-12-22,172.330001831055
2020-12-23,174.380004882812
2020-12-24,173.009994506836
2020-12-28,172.600006103516
2020-12-29,171.75
2020-12-30,169.820007324219
2020-12-31,166.789993286133
2021-01-04,168.399993896484
2021-01-05,162.679992675781
2021-01-06,160.279998779297
2021-01-07,161.619995117188
2021-01-08,159.110000610352
2021-01-11,158.869995117188
2021-01-12,162.369995117188
2021-01-13,163.550003051758
2021-01-14,163.699996948242
2021-01-15,162.729995727539
2021-01-19,159.699996948242
2021-01-20,156.910003662109
2021-01-21,159.339996337891
2021-01-22,158.399993896484
2021-01-25,159.710006713867
2021-01-26,162.380004882812
2021-01-27,159.5
2021-01-28,159.070007324219
2021-01-29,157.020004272461
2021-02-01,156.199996948242
2021-02-02,163.199996948242
2021-02-03,160.690002441406
2021-02-04,159.229995727539
2021-02-05,163
2021-02-08,164.440002441406
2021-02-09,163.5
2021-02-10,167.940002441406
2021-02-11,166
2021-02-12,162.470001220703
2021-02-16,163.949996948242
2021-02-17,161.089996337891
2021-02-18,159.800003051758
2021-02-19,161.330001831055
2021-02-22,159.720001220703
2021-02-23,159.970001220703
2021-02-24,160.279998779297
2021-02-25,159
2021-02-26,158.580001831055
2021-03-01,159.550003051758
2021-03-02,161.770004272461
2021-03-03,160.589996337891
2021-03-04,160.059997558594
2021-03-05,160.509994506836
2021-03-08,165.229995727539
2021-03-09,161.210006713867
2021-03-10,164.350006103516
2021-03-11,166.100006103516
2021-03-12,166.610000610352
2021-03-15,167.899993896484
2021-03-16,162.779998779297
2021-03-17,160.779998779297
2021-03-18,160.449996948242
2021-03-19,161.429992675781
2021-03-22,159.690002441406
2021-03-23,159.800003051758
2021-03-24,160.059997558594
2021-03-25,159.5
2021-03-26,164.5
2021-03-29,167.610000610352
2021-03-30,167.559997558594
2021-03-31,169.229995727539
2021-04-01,170.179992675781
2021-04-05,172.100006103516
2021-04-06,172.089996337891
2021-04-07,172.929992675781
2021-04-08,172.539993286133
2021-04-09,173.270004272461
2021-04-12,175.440002441406
2021-04-13,177.949996948242
2021-04-14,178.820007324219
2021-04-15,178.850006103516
2021-04-16,180.729995727539
2021-04-19,179.910003662109
2021-04-20,177.899993896484
2021-04-21,179.389999389648
2021-04-22,177.800003051758
2021-04-23,177.850006103516
2021-04-26,179.779998779297
2021-04-27,190.259994506836
2021-04-28,195.389999389648
2021-04-29,199.889999389648
2021-04-30,201.690002441406
2021-05-03,207.419998168945
2021-05-04,211.600006103516
2021-05-05,214.929992675781
2021-05-06,214.919998168945
2021-05-07,214.669998168945
2021-05-10,217.5
2021-05-11,213.929992675781
2021-05-12,212
2021-05-13,211.179992675781
2021-05-14,216.809997558594
2021-05-17,215.509994506836
2021-05-18,217.020004272461
2021-05-19,212
2021-05-20,214.339996337891
2021-05-21,214.179992675781
2021-05-24,214.080001831055
2021-05-25,213.360000610352
2021-05-26,212.960006713867
2021-05-27,214.300003051758
2021-05-28,213.830001831055
2021-06-01,215.589996337891
2021-06-02,214.289993286133
2021-06-03,211.050003051758
2021-06-04,212.410003662109
2021-06-07,210.589996337891
2021-06-08,212.850006103516
2021-06-09,208.059997558594
2021-06-10,204.169998168945
2021-06-11,203.660003662109
2021-06-14,202.949996948242
2021-06-15,201.449996948242
2021-06-16,201.669998168945
2021-06-17,200.5
2021-06-18,196.270004272461
2021-06-21,199.360000610352
2021-06-22,202.220001220703
2021-06-23,205.25
2021-06-24,206.539993286133
2021-06-25,202.539993286133
2021-06-28,205.690002441406
2021-06-29,205.279998779297
2021-06-30,206.490005493164
2021-07-01,209.389999389648
2021-07-02,209.589996337891
2021-07-06,210.460006713867
2021-07-07,211.309997558594
2021-07-08,210.320007324219
2021-07-09,213.889999389648
2021-07-12,211
2021-07-13,213.330001831055
2021-07-14,211.339996337891
2021-07-15,211.100006103516
2021-07-16,213.119995117188
2021-07-19,208.460006713867
2021-07-20,212.059997558594
2021-07-21,212.660003662109
2021-07-22,212.360000610352
2021-07-23,212.990005493164
2021-07-26,211.199996948242
2021-07-27,198.070007324219
2021-07-28,195.089996337891
2021-07-29,193.029998779297
2021-07-30,190
2021-08-02,192.350006103516
2021-08-03,191.25
2021-08-04,192.919998168945
2021-08-05,191.449996948242
2021-08-06,191.770004272461
2021-08-09,191.070007324219
2021-08-10,191.179992675781
2021-08-11,191.309997558594
2021-08-12,192.679992675781
2021-08-13,193.029998779297
2021-08-16,194.020004272461
2021-08-17,195.690002441406
2021-08-18,197.020004272461
2021-08-19,193.630004882812
2021-08-20,192.449996948242
2021-08-23,194.240005493164
2021-08-24,193.25
2021-08-25,193.119995117188
2021-08-26,193.389999389648
2021-08-27,192.320007324219
2021-08-30,193.880004882812
2021-08-31,194.699996948242
2021-09-01,195.720001220703
2021-09-02,196.910003662109
2021-09-03,197.210006713867
2021-09-07,197.649993896484
2021-09-08,195.539993286133
2021-09-09,193.229995727539
2021-09-10,190.479995727539
2021-09-13,194.710006713867
2021-09-14,195.240005493164
2021-09-15,191.600006103516
2021-09-16,193.360000610352
2021-09-17,192.559997558594
2021-09-20,188.350006103516
2021-09-21,190.100006103516
2021-09-22,183.850006103516
2021-09-23,186
2021-09-24,186.5
2021-09-27,187.369995117188
2021-09-28,186.679992675781
2021-09-29,187.020004272461
2021-09-30,185.25
2021-10-01,182.889999389648
2021-10-04,180.5
2021-10-05,178.479995727539
2021-10-06,178.399993896484
2021-10-07,182.979995727539
2021-10-08,180.699996948242
2021-10-11,184.300003051758
2021-10-12,182.020004272461
2021-10-13,182.179992675781
2021-10-14,187.639999389648
2021-10-15,191.960006713867
2021-10-18,193.470001220703
2021-10-19,193.899993896484
2021-10-20,194.809997558594
2021-10-21,195.610000610352
2021-10-22,198.869995117188
2021-10-25,203.020004272461
2021-10-26,214.009994506836
2021-10-27,217.119995117188
2021-10-28,213.289993286133
2021-10-29,212.740005493164
2021-11-01,214.860000610352
2021-11-02,210.899993896484
2021-11-03,208.800003051758
2021-11-04,213.149993896484
2021-11-05,211.520004272461
2021-11-08,208.759994506836
2021-11-09,209.589996337891
2021-11-10,209.889999389648
2021-11-11,213.600006103516
2021-11-12,212.669998168945
2021-11-15,212.860000610352
2021-11-16,211.580001831055
2021-11-17,211.990005493164
2021-11-18,208.259994506836
2021-11-19,207.729995727539
2021-11-22,208.520004272461
2021-11-23,211.029998779297
2021-11-24,210.600006103516
2021-11-26,206.149993896484
2021-11-29,204.160003662109
2021-11-30,203.5
2021-12-01,200.880004882812
2021-12-02,195.279998779297
2021-12-03,201.039993286133
2021-12-06,201.990005493164
2021-12-07,204.330001831055
2021-12-08,206.020004272461
2021-12-09,204.050003051758
2021-12-10,208
2021-12-13,206.949996948242
2021-12-14,205.199996948242
2021-12-15,206.649993896484
2021-12-16,207.850006103516
2021-12-17,210.800003051758
2021-12-20,205.029998779297
2021-12-21,204.259994506836
2021-12-22,207.320007324219
2021-12-23,209.210006713867
2021-12-27,212.889999389648
2021-12-28,214.559997558594
2021-12-29,214.529998779297
2021-12-30,214.720001220703
2021-12-31,213.139999389648
2022-01-03,214.649993896484
2022-01-04,214.399993896484
2022-01-05,216.800003051758
2022-01-06,215.059997558594
2022-01-07,217.350006103516
2022-01-10,217.050003051758
2022-01-11,211.5
2022-01-12,211.919998168945
2022-01-13,211.559997558594
2022-01-14,208.229995727539
2022-01-18,204.520004272461
2022-01-19,205.050003051758
2022-01-20,205.710006713867
2022-01-21,202.570007324219
2022-01-24,199.009994506836
2022-01-25,200.050003051758
2022-01-26,203.320007324219
2022-01-27,200.600006103516
2022-01-28,195.800003051758
2022-01-31,198.169998168945
2022-02-01,225.009994506836
2022-02-02,230.649993896484
2022-02-03,229.839996337891
2022-02-04,227.289993286133
2022-02-07,225.490005493164
2022-02-08,224.740005493164
2022-02-09,227.869995117188
2022-02-10,222.610000610352
2022-02-11,220.259994506836
2022-02-14,213.690002441406
2022-02-15,215.970001220703
2022-02-16,215.850006103516
2022-02-17,214.070007324219
2022-02-18,208.199996948242
2022-02-22,208.729995727539
2022-02-23,209.470001220703
2022-02-24,200.110000610352
2022-02-25,207.240005493164
2022-02-28,206.169998168945
2022-03-01,209.470001220703
2022-03-02,205.899993896484
2022-03-03,213.880004882812
2022-03-04,211.080001831055
2022-03-07,207.449996948242
2022-03-08,202.089996337891
2022-03-09,209
2022-03-10,204.5
2022-03-11,207.919998168945
2022-03-14,205.589996337891
2022-03-15,207.490005493164
2022-03-16,212.600006103516
2022-03-17,216
2022-03-18,220.979995727539
2022-03-21,218.190002441406
2022-03-22,219.580001831055
2022-03-23,217.479995727539
2022-03-24,214.75
2022-03-25,214.5
2022-03-28,216.360000610352
2022-03-29,221.960006713867
2022-03-30,222
2022-03-31,219.149993896484
2022-04-01,214.899993896484
2022-04-04,204.789993286133
2022-04-05,200.25
2022-04-06,195.580001831055
2022-04-07,194.440002441406
2022-04-08,188.729995727539
2022-04-11,189.75
2022-04-12,190.979995727539
2022-04-13,187.460006713867
2022-04-14,191.119995117188
2022-04-18,187.699996948242
2022-04-19,188.25
2022-04-20,191.979995727539
2022-04-21,191.529998779297
2022-04-22,188.259994506836
2022-04-25,186.630004882812
2022-04-26,186.690002441406
2022-04-27,182.570007324219
2022-04-28,188.240005493164
2022-04-29,186.149993896484
2022-05-02,180.279998779297
2022-05-03,179.240005493164
2022-05-04,178.059997558594
2022-05-05,181.649993896484
2022-05-06,179.139999389648
2022-05-09,177.710006713867
2022-05-10,183.199996948242
2022-05-11,181.279998779297
2022-05-12,176.139999389648
2022-05-13,176.860000610352
2022-05-16,177.820007324219
2022-05-17,183
2022-05-18,179.479995727539
2022-05-19,170.160003662109
2022-05-20,169.190002441406
2022-05-23,172.690002441406
2022-05-24,172.789993286133
2022-05-25,171.869995117188
2022-05-26,175.490005493164
2022-05-27,178.649993896484
2022-05-31,180.169998168945
2022-06-01,182.240005493164
2022-06-02,182.190002441406
2022-06-03,182.369995117188
2022-06-06,186.880004882812
2022-06-07,184.850006103516
2022-06-08,182.539993286133
2022-06-09,179
2022-06-10,173.300003051758
2022-06-13,170.830001831055
2022-06-14,174.050003051758
2022-06-15,175.100006103516
2022-06-16,171.139999389648
2022-06-17,171.460006713867
2022-06-21,172.639999389648
2022-06-22,172.869995117188
2022-06-23,177.369995117188
2022-06-24,180.770004272461
2022-06-27,184.850006103516
2022-06-28,182.759994506836
2022-06-29,180.330001831055
2022-06-30,178.910003662109
2022-07-01,181.779998779297
2022-07-05,182.289993286133
2022-07-06,184.779998779297
2022-07-07,185.929992675781
2022-07-08,185.710006713867
2022-07-11,183.720001220703
2022-07-12,181.529998779297
2022-07-13,178.429992675781
2022-07-14,176.929992675781
2022-07-15,180.570007324219
2022-07-18,182.330001831055
2022-07-19,181.25
2022-07-20,185.850006103516
2022-07-21,186.949996948242
2022-07-22,188.639999389648
2022-07-25,188.960006713867
2022-07-26,179.25
2022-07-27,182.889999389648
2022-07-28,184.660003662109
2022-07-29,188.550003051758
2022-08-01,193.080001831055
2022-08-02,194.520004272461
2022-08-03,194.690002441406
2022-08-04,192.699996948242
2022-08-05,193.449996948242
2022-08-08,197.860000610352
2022-08-09,196.470001220703
2022-08-10,199.770004272461
2022-08-11,203.360000610352
2022-08-12,202.539993286133
2022-08-15,203.839996337891
2022-08-16,204.259994506836
2022-08-17,202.490005493164
2022-08-18,204.389999389648
2022-08-19,208.910003662109
2022-08-22,205.5
2022-08-23,206.589996337891
2022-08-24,203.899993896484
2022-08-25,203.679992675781
2022-08-26,204.880004882812
2022-08-29,198.279998779297
2022-08-30,197.669998168945
2022-08-31,195.220001220703
2022-09-01,194.380004882812
2022-09-02,199.419998168945
2022-09-06,194.789993286133
2022-09-07,194.899993896484
2022-09-08,195.240005493164
2022-09-09,197.570007324219
2022-09-12,199.550003051758
2022-09-13,196.160003662109
2022-09-14,192.839996337891
2022-09-15,190.729995727539
2022-09-16,177.669998168945
2022-09-19,176.309997558594
2022-09-20,178.360000610352
2022-09-21,177.080001831055
2022-09-22,171.830001831055
2022-09-23,164.880004882812
2022-09-26,163.339996337891
2022-09-27,163.539993286133
2022-09-28,165.279998779297
2022-09-29,166.320007324219
2022-09-30,164.960006713867
2022-10-03,160.630004882812
2022-10-04,165.600006103516
2022-10-05,167.050003051758
2022-10-06,167.369995117188
2022-10-07,163.960006713867
2022-10-10,161.039993286133
2022-10-11,159.380004882812
2022-10-12,159.899993896484
2022-10-13,156.110000610352
2022-10-14,164.570007324219
2022-10-17,164.229995727539
2022-10-18,167.479995727539
2022-10-19,166.779998779297
2022-10-20,164.660003662109
2022-10-21,161.630004882812
2022-10-24,167.050003051758
2022-10-25,172.279998779297
2022-10-26,167.5
2022-10-27,169.929992675781
2022-10-28,165.360000610352
2022-10-31,166.130004882812
2022-11-01,168.960006713867
2022-11-02,166.149993896484
2022-11-03,162.330001831055
2022-11-04,166.009994506836
2022-11-07,165.889999389648
2022-11-08,169.800003051758
2022-11-09,168.190002441406
2022-11-10,167.5
2022-11-11,172.710006713867
2022-11-14,178.110000610352
2022-11-15,178.470001220703
2022-11-16,180.360000610352
2022-11-17,175
2022-11-18,178.509994506836
2022-11-21,178.149993896484
2022-11-22,181.470001220703
2022-11-23,183.360000610352
2022-11-25,183.649993896484
2022-11-28,180.970001220703
2022-11-29,183.990005493164
2022-11-30,184.75
2022-12-01,189.580001831055
2022-12-02,187.289993286133
2022-12-05,188.050003051758
2022-12-06,179.020004272461
2022-12-07,174.399993896484
2022-12-08,175.130004882812
2022-12-09,179.259994506836
2022-12-12,178.679992675781
2022-12-13,187.990005493164
2022-12-14,183.410003662109
2022-12-15,181.5
2022-12-16,180.360000610352
2022-12-19,178.009994506836
2022-12-20,177.330001831055
2022-12-21,176.350006103516
2022-12-22,174.800003051758
2022-12-23,175.919998168945
2022-12-27,177.089996337891
2022-12-28,177
2022-12-29,174.789993286133
2022-12-30,174.259994506836
2023-01-03,174.270004272461
2023-01-04,176.449996948242
2023-01-05,174.880004882812
2023-01-06,175.630004882812
2023-01-09,179.220001220703
2023-01-10,181.309997558594
2023-01-11,179.529998779297
2023-01-12,183.470001220703
2023-01-13,182.179992675781
2023-01-17,181.619995117188
2023-01-18,178.800003051758
2023-01-19,176.160003662109
2023-01-20,176.740005493164
2023-01-23,178.509994506836
2023-01-24,177.539993286133
2023-01-25,178.009994506836
2023-01-26,178.630004882812
2023-01-27,179.600006103516
2023-01-30,180.710006713867
2023-01-31,178.770004272461
2023-02-01,184.679992675781
2023-02-02,186.029998779297
2023-02-03,189.059997558594
2023-02-06,190
2023-02-07,187.869995117188
2023-02-08,186.729995727539
2023-02-09,186.039993286133
2023-02-10,183.449996948242
2023-02-13,184.75
2023-02-14,186.199996948242
2023-02-15,185.619995117188
2023-02-16,185.149993896484
2023-02-17,183.110000610352
2023-02-21,179.179992675781
2023-02-22,178.369995117188
2023-02-23,177.940002441406
2023-02-24,178.779998779297
2023-02-27,181.880004882812
2023-02-28,181.199996948242
2023-03-01,181.929992675781
2023-03-02,182.820007324219
2023-03-03,186.25
2023-03-06,185.449996948242
2023-03-07,185.190002441406
2023-03-08,183.179992675781
2023-03-09,185.630004882812
2023-03-10,182.690002441406
2023-03-13,179.070007324219
2023-03-14,185.149993896484
2023-03-15,181.419998168945
2023-03-16,183.550003051758
2023-03-17,189.949996948242
2023-03-20,186.259994506836
2023-03-21,184.619995117188
2023-03-22,186.5
2023-03-23,184.779998779297
2023-03-24,185.089996337891
2023-03-27,187.389999389648
2023-03-28,187.419998168945
2023-03-29,189.520004272461
2023-03-30,191.889999389648
2023-03-31,191.929992675781
2023-04-03,192.830001831055
2023-04-04,194.669998168945
2023-04-05,189.839996337891
2023-04-06,188.330001831055
2023-04-10,187.419998168945
2023-04-11,190.5
2023-04-12,192.5
2023-04-13,190.919998168945
2023-04-14,191
2023-04-17,193.220001220703
2023-04-18,193.580001831055
2023-04-19,194.279998779297
2023-04-20,195.869995117188
2023-04-21,194.869995117188
2023-04-24,195.360000610352
2023-04-25,182.669998168945
2023-04-26,175.229995727539
2023-04-27,172.759994506836
2023-04-28,176.839996337891
2023-05-01,179.949996948242
2023-05-02,180.699996948242
2023-05-03,177.5
2023-05-04,174.550003051758
2023-05-05,175.179992675781
2023-05-08,175.910003662109
2023-05-09,172.869995117188
2023-05-10,173.729995727539
2023-05-11,171.529998779297
2023-05-12,169.110000610352
2023-05-15,167.559997558594
2023-05-16,167.490005493164
2023-05-17,167.690002441406
2023-05-18,171.639999389648
2023-05-19,171.130004882812
2023-05-22,171.610000610352
2023-05-23,170.589996337891
2023-05-24,168.850006103516
2023-05-25,168.580001831055
2023-05-26,171.729995727539
2023-05-30,171.690002441406
2023-05-31,169.059997558594
2023-06-01,167.509994506836
2023-06-02,168.759994506836
2023-06-05,169.949996948242
2023-06-06,166.509994506836
2023-06-07,167.350006103516
2023-06-08,171.479995727539
2023-06-09,171
2023-06-12,170.839996337891
2023-06-13,171.309997558594
2023-06-14,173.660003662109
2023-06-15,175.460006713867
2023-06-16,179.990005493164
2023-06-20,176.460006713867
2023-06-21,174.130004882812
2023-06-22,172.160003662109
2023-06-23,169.600006103516
2023-06-26,169.220001220703
2023-06-27,173.389999389648
2023-06-28,174.119995117188
2023-06-29,175.419998168945
2023-06-30,176.589996337891
2023-07-03,178.259994506836
2023-07-05,179.369995117188
2023-07-06,178.660003662109
2023-07-07,178.110000610352
2023-07-10,179.679992675781
2023-07-11,181.929992675781
2023-07-12,187.070007324219
2023-07-13,186.639999389648
2023-07-14,184.779998779297
2023-07-17,184.479995727539
2023-07-18,182.820007324219
2023-07-19,184.600006103516
2023-07-20,186.630004882812
2023-07-21,186.910003662109
2023-07-24,185.860000610352
2023-07-25,187.809997558594
2023-07-26,183.25
2023-07-27,185.119995117188
2023-07-28,188.389999389648
2023-07-31,187.809997558594
2023-08-01,186.860000610352
2023-08-02,183.949996948242
2023-08-03,182.339996337891
2023-08-04,182.130004882812
2023-08-07,182
2023-08-08,183.059997558594
2023-08-09,179.119995117188
2023-08-10,180.080001831055
2023-08-11,178.270004272461
2023-08-14,176.119995117188
2023-08-15,174.449996948242
2023-08-16,172.100006103516
2023-08-17,171.360000610352
2023-08-18,169.809997558594
2023-08-21,170.910003662109
2023-08-22,169
2023-08-23,167.710006713867
2023-08-24,168.029998779297
2023-08-25,167.429992675781
2023-08-28,169.699996948242
2023-08-29,169.339996337891
2023-08-30,172.050003051758
2023-08-31,172.029998779297
2023-09-01,170.520004272461
2023-09-05,167.5
2023-09-06,163.880004882812
2023-09-07,161.990005493164
2023-09-08,162.419998168945
2023-09-11,161.600006103516
2023-09-12,157.369995117188
2023-09-13,156.559997558594
2023-09-14,159.759994506836
2023-09-15,160.729995727539
2023-09-18,159.910003662109
2023-09-19,158.300003051758
2023-09-20,158.600006103516
2023-09-21,157
2023-09-22,155.419998168945
2023-09-25,152.929992675781
2023-09-26,153
2023-09-27,152.479995727539
2023-09-28,152.630004882812
2023-09-29,156.5
2023-10-02,155.149993896484
2023-10-03,154.259994506836
2023-10-04,154.399993896484
2023-10-05,153.039993286133
2023-10-06,152.880004882812
2023-10-09,153.449996948242
2023-10-10,154.509994506836
2023-10-11,155.779998779297
2023-10-12,155.5
2023-10-13,156.119995117188
2023-10-16,156.740005493164
2023-10-17,155.190002441406
2023-10-18,155.5
2023-10-19,154.470001220703
2023-10-20,152.339996337891
2023-10-23,151.25
2023-10-24,148.740005493164
2023-10-25,148.740005493164
2023-10-26,142.5
2023-10-27,138.429992675781
2023-10-30,135.910003662109
2023-10-31,138.619995117188
2023-11-01,141.380004882812
2023-11-02,141.899993896484
2023-11-03,143.229995727539
2023-11-06,143.220001220703
2023-11-07,141.479995727539
2023-11-08,142.130004882812
2023-11-09,142.940002441406
2023-11-10,138.710006713867
2023-11-13,137.669998168945
2023-11-14,140.039993286133
2023-11-15,144
2023-11-16,147.270004272461
2023-11-17,147.679992675781
2023-11-20,147.850006103516
2023-11-21,149.5
2023-11-22,150.960006713867
2023-11-24,151.169998168945
2023-11-27,151.039993286133
2023-11-28,149.699996948242
2023-11-29,151.520004272461
2023-11-30,152.850006103516
2023-12-01,151.990005493164
2023-12-04,153.720001220703
2023-12-05,155
2023-12-06,155.020004272461
2023-12-07,155.869995117188
2023-12-08,156.070007324219
2023-12-11,155.649993896484
2023-12-12,155.949996948242
2023-12-13,154.839996337891
2023-12-14,158.960006713867
2023-12-15,161.369995117188
2023-12-18,163.380004882812
2023-12-19,162.009994506836
2023-12-20,156.869995117188
2023-12-21,157.600006103516
2023-12-22,158
2023-12-26,157.050003051758
2023-12-27,158.020004272461
2023-12-28,155.899993896484
2023-12-29,157.080001831055
